Date,Open,High,Low,Close,Volume
7-Oct-16,90.48,90.54,89.06,89.57,984467
6-Oct-16,90.82,91.02,90.64,90.93,940191
5-Oct-16,91.38,91.45,90.85,90.96,422525
4-Oct-16,90.46,91.12,90.34,90.57,584031
3-Oct-16,90.92,91.31,90.59,90.89,544997
30-Sep-16,90.01,91.66,89.84,91.41,1029163
29-Sep-16,90.96,91.35,89.20,89.54,952836
28-Sep-16,91.45,92.18,90.90,92.08,926194
27-Sep-16,89.76,91.16,89.65,91.06,731209
26-Sep-16,90.97,91.03,90.50,90.74,628814
23-Sep-16,91.76,91.89,91.51,91.54,726275
22-Sep-16,92.58,92.76,92.19,92.36,1825575
21-Sep-16,89.45,90.42,89.16,90.32,714764
20-Sep-16,89.37,89.39,88.85,89.04,699115
19-Sep-16,88.21,88.48,87.85,88.09,476331
16-Sep-16,86.93,87.18,86.70,86.86,1034879
15-Sep-16,87.77,88.81,87.53,88.67,758238
14-Sep-16,88.13,88.76,88.07,88.32,561273
13-Sep-16,88.23,88.51,87.69,88.15,934824
12-Sep-16,87.38,88.81,87.28,88.76,889163
9-Sep-16,88.64,88.72,87.60,87.64,1210458
8-Sep-16,90.38,90.52,89.50,89.54,1057537
7-Sep-16,90.77,91.00,90.36,90.82,621278
6-Sep-16,90.22,90.50,89.90,90.40,537078
2-Sep-16,89.32,89.81,89.09,89.64,528808
1-Sep-16,88.28,88.53,87.92,88.47,612110
31-Aug-16,87.88,88.20,87.60,87.97,490104
30-Aug-16,88.70,88.99,88.53,88.74,719963
29-Aug-16,86.67,87.44,86.66,87.20,724971
26-Aug-16,87.58,88.55,86.88,87.27,868908
25-Aug-16,87.26,87.54,87.13,87.39,424669
24-Aug-16,87.65,87.71,87.24,87.36,386612
23-Aug-16,87.92,88.11,87.61,87.78,339454
22-Aug-16,87.27,87.65,87.13,87.56,351732
19-Aug-16,88.37,88.40,87.92,88.18,530154
18-Aug-16,87.82,88.13,87.68,88.05,299453
17-Aug-16,87.60,88.02,87.25,87.86,427969
16-Aug-16,87.98,88.25,87.73,87.74,711713
15-Aug-16,87.76,88.17,87.69,88.00,437266
12-Aug-16,88.13,88.15,87.38,87.53,811308
11-Aug-16,88.04,88.14,87.68,87.72,1161144
10-Aug-16,87.86,87.92,87.49,87.67,831431
9-Aug-16,86.31,87.87,86.28,87.28,1287077
8-Aug-16,85.28,85.90,85.28,85.87,547350
5-Aug-16,85.54,86.27,85.49,86.21,1115298
4-Aug-16,85.29,86.13,85.28,85.97,1326243
3-Aug-16,85.97,86.18,85.87,86.15,734679
2-Aug-16,86.66,86.68,86.14,86.53,1455592
1-Aug-16,87.17,87.62,87.02,87.28,692281
29-Jul-16,87.56,87.78,87.14,87.39,1801572
28-Jul-16,86.82,87.07,86.46,86.54,1969380
27-Jul-16,86.32,86.41,85.63,86.15,1154899
26-Jul-16,85.35,85.55,85.07,85.33,916844
25-Jul-16,84.60,84.79,84.36,84.69,787833
22-Jul-16,83.94,84.81,83.84,84.45,1513408
21-Jul-16,84.42,84.86,83.89,84.20,2128713
20-Jul-16,82.98,83.81,82.82,83.71,2905110
19-Jul-16,79.10,79.45,78.71,79.32,1406618
18-Jul-16,79.10,79.65,78.80,79.59,1182306
15-Jul-16,78.69,78.99,78.56,78.97,702375
14-Jul-16,79.26,79.53,78.95,79.21,997439
13-Jul-16,78.22,78.67,78.02,78.09,544930
12-Jul-16,78.43,78.70,78.05,78.31,1122112
11-Jul-16,77.87,78.14,77.73,78.02,1417574
8-Jul-16,76.26,76.78,75.92,76.60,1438026
7-Jul-16,74.62,74.85,74.38,74.59,1220187
6-Jul-16,73.73,74.76,73.33,74.71,1131553
5-Jul-16,74.94,74.98,73.94,74.16,927087
1-Jul-16,75.43,75.58,74.85,74.97,440863
30-Jun-16,74.39,75.03,73.80,75.02,1007681
29-Jun-16,75.26,75.40,74.55,75.10,949560
28-Jun-16,73.68,74.00,73.06,73.85,1078106
27-Jun-16,72.35,72.36,71.39,72.02,2171761
24-Jun-16,74.17,76.31,73.92,73.94,3748653
23-Jun-16,80.52,81.18,79.78,81.07,1349106
22-Jun-16,80.01,80.19,78.80,78.83,1132669
21-Jun-16,79.15,79.78,78.88,79.42,994650
20-Jun-16,79.27,79.30,78.06,78.09,1038375
17-Jun-16,76.68,77.04,75.80,76.90,1097189
16-Jun-16,74.86,76.32,74.43,76.20,1790080
15-Jun-16,76.03,76.47,75.79,75.83,1329314
14-Jun-16,75.25,76.13,75.22,76.11,2129933
13-Jun-16,76.73,77.43,76.69,76.79,1493835
10-Jun-16,78.91,79.23,77.94,78.44,1258700
9-Jun-16,80.55,81.01,80.55,80.74,368543
8-Jun-16,81.67,81.73,81.18,81.52,425097
7-Jun-16,81.97,82.19,81.81,81.90,468130
6-Jun-16,81.37,81.54,81.03,81.33,456656
3-Jun-16,80.87,81.37,80.51,81.17,561724
2-Jun-16,80.54,80.92,80.25,80.92,617291
1-Jun-16,80.97,81.26,80.83,81.21,772272
31-May-16,81.52,81.62,80.82,81.07,1342508
27-May-16,81.19,81.33,80.76,81.00,492500
26-May-16,81.43,81.54,80.99,81.21,855250
25-May-16,80.55,80.79,80.13,80.51,2710017
24-May-16,79.11,79.73,79.08,79.55,831647
23-May-16,78.27,78.58,77.90,77.95,710355
20-May-16,77.66,77.96,77.47,77.72,879938
19-May-16,77.11,77.32,76.55,76.80,797547
18-May-16,77.00,78.17,76.86,77.52,659327
17-May-16,77.49,77.67,76.70,76.96,949182
16-May-16,77.23,78.12,77.15,77.83,595644
13-May-16,77.09,77.42,76.74,77.03,1189544
12-May-16,77.89,78.04,76.87,77.25,559104
11-May-16,77.00,77.49,76.85,76.86,974129
10-May-16,76.86,77.63,76.85,77.59,620908
9-May-16,78.41,78.70,78.15,78.31,933499
6-May-16,76.99,77.44,76.79,77.33,466031
5-May-16,76.80,77.75,76.67,77.07,1284476
4-May-16,77.62,77.68,77.17,77.47,1119606
3-May-16,78.82,79.01,78.18,78.52,708548
2-May-16,79.68,79.86,79.15,79.75,893564
29-Apr-16,78.74,78.83,78.17,78.62,876689
28-Apr-16,79.52,80.19,79.20,79.37,978285
27-Apr-16,80.38,81.19,80.20,81.02,1338365
26-Apr-16,79.20,79.81,78.98,79.50,867386
25-Apr-16,79.51,80.02,79.32,79.95,586637
22-Apr-16,80.66,80.72,79.79,80.20,889152
21-Apr-16,80.00,80.60,79.72,80.12,858469
20-Apr-16,80.25,80.90,80.03,80.55,1572872
19-Apr-16,80.97,81.04,80.20,80.63,1402428
18-Apr-16,79.02,79.71,78.98,79.34,690364
15-Apr-16,78.89,79.17,78.37,78.51,515451
14-Apr-16,78.99,79.12,78.62,79.03,932675
13-Apr-16,77.94,78.43,77.71,78.33,747794
12-Apr-16,77.23,78.68,77.06,78.58,1715722
11-Apr-16,77.17,77.54,76.79,76.90,1985545
8-Apr-16,77.38,77.47,76.63,76.71,2002671
7-Apr-16,77.66,77.91,77.12,77.27,955625
6-Apr-16,77.80,79.19,77.75,79.19,746760
5-Apr-16,78.34,78.50,77.76,77.85,1881492
4-Apr-16,79.90,80.11,79.32,79.54,709906
1-Apr-16,78.72,79.97,78.69,79.73,840497
31-Mar-16,80.95,81.24,80.38,80.42,606553
30-Mar-16,80.66,81.23,80.60,80.69,966255
29-Mar-16,78.89,80.28,78.67,80.20,1074861
28-Mar-16,79.78,80.47,79.43,80.23,797164
24-Mar-16,79.19,79.53,79.07,79.44,388663
23-Mar-16,80.15,80.15,79.33,79.49,703016
22-Mar-16,78.92,79.77,78.82,79.56,321651
21-Mar-16,79.55,79.90,79.39,79.62,686713
18-Mar-16,79.55,80.30,79.21,79.91,702867
17-Mar-16,79.21,80.18,79.06,79.88,643341
16-Mar-16,78.98,80.21,78.84,80.07,550705
15-Mar-16,78.98,79.39,78.79,79.32,431181
14-Mar-16,78.82,79.12,78.57,78.76,549077
11-Mar-16,77.61,78.72,77.52,78.65,740646
10-Mar-16,77.88,78.49,76.20,76.86,1087843
9-Mar-16,77.17,77.31,76.72,77.02,743072
8-Mar-16,76.30,76.98,76.22,76.34,625759
7-Mar-16,76.40,76.79,76.11,76.46,1194634
4-Mar-16,77.00,77.42,76.51,76.94,955519
3-Mar-16,76.30,76.77,75.79,76.67,827725
2-Mar-16,77.10,77.74,76.68,77.71,1076882
1-Mar-16,76.79,77.92,76.72,77.91,892834
29-Feb-16,75.37,76.20,75.32,75.34,780838
26-Feb-16,77.34,77.42,76.36,76.42,1383905
25-Feb-16,77.20,78.09,76.92,78.08,999685
24-Feb-16,75.11,76.18,74.70,76.03,1018950
23-Feb-16,77.32,77.44,76.70,76.78,562456
22-Feb-16,77.27,77.88,77.27,77.60,1400396
19-Feb-16,76.56,77.77,76.43,77.63,1358295
18-Feb-16,77.27,77.32,76.54,76.75,805032
17-Feb-16,76.12,76.89,75.99,76.77,1091403
16-Feb-16,74.95,76.04,74.46,75.74,1714621
12-Feb-16,73.36,73.70,72.66,73.68,1499749
11-Feb-16,74.58,74.80,73.69,74.29,1252102
10-Feb-16,75.57,75.99,74.86,74.95,1640375
9-Feb-16,73.48,75.59,73.42,74.88,2880453
8-Feb-16,73.76,74.37,73.29,74.31,2128251
5-Feb-16,77.39,77.42,74.93,75.40,1736920
4-Feb-16,77.79,78.67,77.54,78.23,1282080
3-Feb-16,78.61,79.33,77.43,79.07,1272628
2-Feb-16,78.47,78.54,77.58,77.71,1298125
1-Feb-16,78.67,79.97,78.55,79.70,1210389
29-Jan-16,78.22,79.83,78.15,79.80,1324283
28-Jan-16,78.82,78.91,77.44,77.70,1577787
27-Jan-16,79.04,80.10,78.64,78.89,992097
26-Jan-16,77.96,78.98,77.88,78.94,863516
25-Jan-16,78.55,79.33,78.19,78.31,1356479
22-Jan-16,77.69,78.40,77.50,78.27,2272960
21-Jan-16,77.43,78.30,76.63,77.99,2026422
20-Jan-16,77.67,78.00,76.06,77.47,2241097
19-Jan-16,78.79,79.07,77.77,78.34,1655084
15-Jan-16,77.24,77.77,76.65,76.90,1583135
14-Jan-16,79.41,80.27,78.93,79.72,1976610
13-Jan-16,80.39,80.60,77.97,78.43,2499040
12-Jan-16,80.96,80.99,79.90,80.36,3382563
11-Jan-16,78.13,78.72,77.74,78.56,1519730
8-Jan-16,78.27,78.35,76.76,76.90,1186843
7-Jan-16,76.90,77.97,76.68,77.21,1670828
6-Jan-16,76.81,77.79,76.66,77.65,1031614
5-Jan-16,76.33,77.10,76.16,76.97,1392002
4-Jan-16,76.74,77.18,75.89,77.14,1057695
31-Dec-15,79.71,79.81,79.07,79.10,267879
30-Dec-15,80.54,80.67,80.15,80.15,368983
29-Dec-15,80.63,81.21,80.62,80.91,427682
28-Dec-15,80.13,80.33,79.84,80.31,331973
24-Dec-15,79.85,80.36,79.69,80.05,163221
23-Dec-15,79.17,79.90,79.14,79.81,566597
22-Dec-15,78.66,79.26,78.18,79.10,734047
21-Dec-15,79.28,79.41,78.28,78.68,912207
18-Dec-15,78.40,78.47,77.81,78.12,1114242
17-Dec-15,79.41,79.50,78.38,78.41,1038357
16-Dec-15,78.44,78.87,77.52,78.48,1370187
15-Dec-15,78.58,78.74,78.01,78.26,799803
14-Dec-15,77.40,77.97,76.58,77.48,1451497
11-Dec-15,77.45,77.81,77.02,77.21,725298
10-Dec-15,78.73,78.87,78.23,78.37,704992
9-Dec-15,78.88,79.36,77.78,78.27,679432
8-Dec-15,78.93,79.21,78.60,78.89,776842
7-Dec-15,79.33,79.37,78.86,79.27,799009
4-Dec-15,78.08,79.16,78.04,78.98,1417465
3-Dec-15,79.26,79.41,78.13,78.49,1427124
2-Dec-15,79.36,79.49,78.90,79.13,1193818
1-Dec-15,79.43,79.77,79.18,79.72,691388
30-Nov-15,78.78,79.12,78.46,79.00,1165347
27-Nov-15,78.84,79.15,78.66,79.05,377626
25-Nov-15,78.70,79.24,78.54,79.00,486015
24-Nov-15,78.52,78.88,78.02,78.64,927142
23-Nov-15,79.27,79.50,78.84,79.10,1120812
20-Nov-15,80.30,80.33,79.62,79.77,583279
19-Nov-15,80.00,80.42,79.90,80.16,745969
18-Nov-15,78.75,79.50,78.29,79.39,857964
17-Nov-15,78.31,78.70,78.08,78.14,804895
16-Nov-15,77.51,78.07,77.42,78.03,649861
13-Nov-15,78.18,78.49,77.61,77.96,785819
12-Nov-15,78.88,79.68,78.75,79.14,1089560
11-Nov-15,78.97,79.57,78.80,79.34,1884693
10-Nov-15,77.65,78.41,77.51,78.30,1192934
9-Nov-15,79.07,79.11,78.18,78.84,927285
6-Nov-15,78.75,78.96,78.07,78.79,1552179
5-Nov-15,80.38,80.55,79.91,79.95,1227861
4-Nov-15,79.92,79.94,78.94,79.13,1192144
3-Nov-15,79.90,80.69,79.86,80.22,1237738
2-Nov-15,79.67,79.91,79.50,79.84,774159
30-Oct-15,78.22,79.32,78.16,78.71,978382
29-Oct-15,77.54,78.18,77.47,78.12,460050
28-Oct-15,77.98,78.75,77.40,78.03,1088480
27-Oct-15,77.69,78.01,76.87,77.04,1516510
26-Oct-15,77.27,77.62,77.14,77.38,764508
23-Oct-15,77.30,77.65,76.81,77.32,933885
22-Oct-15,76.73,77.49,76.62,77.02,1047702
21-Oct-15,76.50,76.78,76.08,76.17,1353412
20-Oct-15,75.61,75.92,75.15,75.46,1176946
19-Oct-15,75.36,75.41,74.33,74.76,830287
16-Oct-15,74.90,75.34,74.74,75.34,938511
15-Oct-15,73.65,74.23,73.51,74.10,1531731
14-Oct-15,72.82,73.00,72.35,72.78,920231
13-Oct-15,72.37,73.12,72.14,72.30,3431411
12-Oct-15,68.23,68.87,68.20,68.45,1286279
9-Oct-15,68.52,68.75,68.08,68.38,865237
8-Oct-15,66.86,67.63,66.67,67.56,938217
7-Oct-15,67.10,67.60,66.67,67.39,858619
6-Oct-15,67.09,67.65,67.02,67.32,1001347
5-Oct-15,66.29,66.80,66.23,66.67,681948
2-Oct-15,64.77,65.82,64.29,65.80,1195549
1-Oct-15,64.54,64.65,63.43,64.16,886027
30-Sep-15,65.27,65.36,64.20,64.79,899600
29-Sep-15,63.51,64.16,63.34,63.96,947577
28-Sep-15,64.19,64.19,63.36,63.37,1206649
25-Sep-15,64.01,64.45,63.66,63.85,1764983
24-Sep-15,62.99,63.42,62.57,63.38,2309562
23-Sep-15,63.32,63.67,62.95,63.48,1603173
22-Sep-15,63.70,63.90,62.94,63.40,1390986
21-Sep-15,65.19,65.41,64.76,65.09,826834
18-Sep-15,65.21,65.88,64.81,64.96,1395088
17-Sep-15,66.94,67.64,66.73,67.07,1202537
16-Sep-15,66.66,67.21,66.43,66.97,1307818
15-Sep-15,65.78,68.00,65.53,66.89,1592170
14-Sep-15,65.84,66.06,65.58,65.80,592954
11-Sep-15,65.60,66.06,65.53,66.06,892470
10-Sep-15,64.98,66.51,64.94,65.98,1290327
9-Sep-15,66.40,66.50,64.95,65.06,1244238
8-Sep-15,65.96,66.37,65.67,66.35,892157
4-Sep-15,64.76,65.18,64.35,64.73,1654321
3-Sep-15,66.21,66.68,66.18,66.57,2803299
2-Sep-15,65.85,66.15,65.19,66.13,1487457
1-Sep-15,66.13,66.20,65.31,65.59,1079539
31-Aug-15,67.15,67.56,66.87,67.26,767764
28-Aug-15,66.99,67.57,66.77,67.46,1369193
27-Aug-15,67.51,67.96,67.00,67.96,1479952
26-Aug-15,66.91,67.18,65.77,66.80,7053385
25-Aug-15,68.67,68.90,66.39,66.48,2583837
24-Aug-15,64.91,67.91,63.06,65.47,2770277
21-Aug-15,68.50,68.97,67.65,67.71,2087498
20-Aug-15,70.17,70.20,68.09,68.10,1363160
19-Aug-15,69.53,70.51,69.36,70.17,1354900
18-Aug-15,69.75,69.85,69.44,69.76,709900
17-Aug-15,69.54,70.20,69.41,70.16,675366
14-Aug-15,70.41,70.72,70.14,70.62,661314
13-Aug-15,70.73,71.00,70.45,70.68,721715
12-Aug-15,70.98,71.60,70.23,71.58,1129026
11-Aug-15,72.32,72.41,71.27,71.62,573935
10-Aug-15,72.26,73.28,72.25,73.08,493748
7-Aug-15,71.81,72.07,71.46,72.00,584049
6-Aug-15,72.86,72.96,72.14,72.26,774520
5-Aug-15,72.22,72.78,72.14,72.35,447039
4-Aug-15,72.15,72.31,71.77,71.92,885380
3-Aug-15,72.45,72.45,71.35,71.62,980897
31-Jul-15,71.87,72.10,71.46,71.67,520122
30-Jul-15,71.16,71.77,70.75,71.64,1295640
29-Jul-15,71.74,72.57,71.64,72.09,889021
28-Jul-15,71.55,72.39,71.43,72.26,2271425
27-Jul-15,72.49,72.53,71.57,71.69,1819042
24-Jul-15,73.51,73.64,72.23,72.43,2586237
23-Jul-15,73.31,73.74,73.08,73.42,1217950
22-Jul-15,72.87,73.24,72.37,72.56,2191750
21-Jul-15,74.52,74.73,71.90,72.80,3605931
20-Jul-15,75.04,75.08,74.30,74.46,1477300
17-Jul-15,74.68,74.70,73.91,74.17,755014
16-Jul-15,74.69,74.84,74.43,74.60,956070
15-Jul-15,73.63,74.76,73.37,74.15,1817765
14-Jul-15,73.10,73.48,72.96,73.21,815991
13-Jul-15,72.82,73.06,72.51,72.60,1006403
10-Jul-15,72.84,72.87,72.06,72.27,1495685
9-Jul-15,70.16,70.54,69.76,69.81,1002380
8-Jul-15,68.75,69.19,68.28,68.48,955146
7-Jul-15,67.87,69.06,67.02,68.84,2377538
6-Jul-15,67.81,68.85,67.73,68.26,1698684
2-Jul-15,70.37,70.38,69.72,69.96,668455
1-Jul-15,70.80,70.99,70.17,70.37,1247276
30-Jun-15,70.93,70.95,69.65,70.23,1520369
29-Jun-15,71.77,72.00,70.52,70.68,1262839
26-Jun-15,73.69,73.75,72.67,72.97,608834
25-Jun-15,73.83,73.93,73.20,73.50,683266
24-Jun-15,73.92,74.12,73.40,73.51,682866
23-Jun-15,74.87,74.93,74.43,74.48,560687
22-Jun-15,74.68,75.57,74.53,74.81,1273257
19-Jun-15,72.71,72.85,72.35,72.66,849747
18-Jun-15,72.57,74.08,72.47,73.26,1253910
17-Jun-15,72.88,73.20,72.25,72.89,805431
16-Jun-15,72.15,73.17,72.04,72.96,690840
15-Jun-15,72.05,72.76,71.93,72.47,665652
12-Jun-15,73.42,73.92,72.94,73.55,638600
11-Jun-15,74.46,74.73,73.80,74.20,587702
10-Jun-15,73.59,74.38,73.17,74.09,647953
9-Jun-15,72.77,73.02,72.29,72.73,722084
8-Jun-15,73.62,73.75,73.10,73.42,733340
5-Jun-15,73.63,74.15,73.20,73.64,814950
4-Jun-15,75.20,76.11,74.68,74.84,588043
3-Jun-15,75.21,75.97,75.18,75.66,790133
2-Jun-15,74.63,75.09,74.39,74.68,700446
1-Jun-15,74.08,74.17,73.28,73.86,475573
29-May-15,74.26,74.46,73.75,73.90,868348
28-May-15,74.56,74.61,73.86,74.26,822611
27-May-15,73.26,74.29,73.13,74.19,1148272
26-May-15,74.08,74.14,73.03,73.50,892003
22-May-15,75.13,75.16,74.69,74.71,492882
21-May-15,75.48,75.98,75.41,75.80,627986
20-May-15,75.33,75.86,75.22,75.70,648704
19-May-15,75.40,75.81,75.28,75.60,556696
18-May-15,75.74,76.05,75.43,75.63,847671
15-May-15,76.88,77.08,76.56,76.83,868131
14-May-15,76.62,77.36,76.41,77.27,1309520
13-May-15,76.21,76.65,75.61,75.72,794722
12-May-15,75.22,75.60,74.91,75.27,1064954
11-May-15,75.53,75.87,75.42,75.49,774177
8-May-15,75.69,76.35,75.65,76.01,521035
7-May-15,75.08,75.89,74.97,75.31,1284738
6-May-15,75.07,75.39,74.45,74.72,1443647
5-May-15,75.29,75.34,74.26,74.47,1375596
4-May-15,76.48,76.65,76.21,76.21,1439236
1-May-15,75.90,76.86,75.89,76.40,768418
30-Apr-15,76.25,76.53,75.47,75.69,1117778
29-Apr-15,76.87,77.07,75.86,76.22,1304913
28-Apr-15,76.83,76.99,76.20,76.54,1037731
27-Apr-15,76.62,77.11,76.33,76.39,1259181
24-Apr-15,74.89,75.41,74.31,75.18,762497
23-Apr-15,73.99,75.06,73.85,74.82,944068
22-Apr-15,73.98,74.68,73.46,74.43,1342075
21-Apr-15,74.16,74.55,73.80,74.14,1563125
20-Apr-15,72.52,72.78,72.07,72.32,832140
17-Apr-15,72.00,72.19,71.25,71.73,924355
16-Apr-15,72.79,73.10,72.39,72.90,925469
15-Apr-15,73.55,73.67,72.70,73.36,574551
14-Apr-15,73.63,73.69,73.26,73.36,726131
13-Apr-15,73.20,73.30,72.56,72.80,682683
10-Apr-15,73.22,73.49,72.94,73.18,604645
9-Apr-15,72.86,73.09,72.55,72.98,686833
8-Apr-15,73.61,73.67,72.66,72.93,876115
7-Apr-15,73.47,73.79,72.90,72.95,686234
6-Apr-15,72.40,73.73,72.36,73.33,856995
2-Apr-15,73.14,73.27,72.54,72.76,808666
1-Apr-15,73.04,73.04,72.00,72.41,960056
31-Mar-15,72.48,72.90,72.12,72.17,998451
30-Mar-15,72.96,73.15,72.71,72.72,1016971
27-Mar-15,72.07,72.67,71.72,72.54,1221917
26-Mar-15,71.55,72.09,70.95,71.75,835478
25-Mar-15,73.33,73.41,72.04,72.11,1389023
24-Mar-15,73.88,74.16,73.47,73.53,1393029
23-Mar-15,72.89,73.46,72.51,73.20,1480479
20-Mar-15,72.55,73.23,72.10,72.76,2766052
19-Mar-15,70.22,70.58,70.05,70.31,1642152
18-Mar-15,69.59,71.47,69.55,70.97,2280184
17-Mar-15,69.02,69.23,68.74,69.01,859141
16-Mar-15,69.05,69.61,68.87,69.48,777680
13-Mar-15,67.58,68.31,67.42,68.08,663654
12-Mar-15,67.99,68.20,67.59,68.09,1227916
11-Mar-15,67.22,67.63,66.86,67.19,679021
10-Mar-15,67.45,67.76,66.83,66.91,794000
9-Mar-15,68.36,68.64,68.10,68.48,506000
6-Mar-15,69.00,69.31,68.33,68.48,886823
5-Mar-15,70.18,70.26,69.80,69.98,497495
4-Mar-15,69.66,69.96,69.19,69.88,1376496
3-Mar-15,70.93,71.00,70.16,70.41,812332
2-Mar-15,70.86,71.14,70.56,71.11,2479131
27-Feb-15,70.30,70.50,70.02,70.19,527555
26-Feb-15,69.82,70.30,69.68,69.85,646656
25-Feb-15,70.07,70.27,69.87,70.18,568843
24-Feb-15,69.60,70.16,69.31,69.87,1113414
23-Feb-15,69.71,70.01,69.52,69.68,563082
20-Feb-15,68.48,69.95,68.31,69.63,813047
19-Feb-15,68.51,69.25,68.34,68.88,432577
18-Feb-15,68.24,69.15,68.16,68.96,600888
17-Feb-15,69.06,69.20,68.54,69.08,476496
13-Feb-15,69.32,69.59,68.95,69.09,639553
12-Feb-15,68.67,69.13,68.59,69.09,751692
11-Feb-15,66.53,67.04,66.49,66.84,874775
10-Feb-15,67.23,67.46,66.47,67.33,1805878
9-Feb-15,66.30,66.71,66.17,66.31,1734798
6-Feb-15,67.17,67.40,66.49,66.67,2718067
5-Feb-15,68.05,68.74,67.78,68.71,1129253
4-Feb-15,68.20,68.23,67.31,67.39,1333839
3-Feb-15,67.74,68.42,67.46,68.38,1299458
2-Feb-15,66.17,67.02,65.93,66.95,1187275
30-Jan-15,65.63,66.00,65.20,65.36,967880
29-Jan-15,65.01,65.95,64.90,65.82,1354787
28-Jan-15,65.19,65.33,64.13,64.19,981210
27-Jan-15,65.62,65.92,65.22,65.50,1302149
26-Jan-15,65.41,66.41,65.15,66.10,1736096
23-Jan-15,64.28,65.06,64.20,64.52,1032705
22-Jan-15,63.90,64.62,63.65,64.35,1517760
21-Jan-15,63.61,64.13,63.40,64.08,2283813
20-Jan-15,63.65,63.76,62.82,63.56,2674119
16-Jan-15,66.23,67.24,65.80,67.11,1143668
15-Jan-15,67.09,67.48,66.60,66.88,1060945
14-Jan-15,66.68,67.39,66.31,66.97,841166
13-Jan-15,67.10,67.80,66.42,66.89,1707114
12-Jan-15,65.76,68.10,65.48,67.70,3279418
9-Jan-15,65.23,65.27,64.42,65.03,1142549
8-Jan-15,64.51,66.31,64.50,66.13,1184698
7-Jan-15,64.98,65.46,64.60,65.09,1483110
6-Jan-15,65.93,66.46,65.36,65.68,1484200
5-Jan-15,68.30,68.36,67.06,67.20,1678824
2-Jan-15,69.79,70.36,69.64,70.04,683648
31-Dec-14,70.40,70.63,69.58,69.65,487060
30-Dec-14,70.92,71.13,70.26,70.40,476801
29-Dec-14,71.20,71.69,71.11,71.32,1002204
26-Dec-14,71.64,71.89,71.34,71.70,473036
24-Dec-14,71.11,71.56,70.94,71.47,304307
23-Dec-14,70.68,71.05,70.56,70.90,650368
22-Dec-14,70.87,70.99,70.61,70.69,1052293
19-Dec-14,70.01,70.84,69.84,70.44,3072964
18-Dec-14,69.19,70.42,69.13,70.40,884484
17-Dec-14,67.80,68.97,67.68,68.40,862032
16-Dec-14,66.67,68.50,66.58,67.54,856055
15-Dec-14,69.04,69.18,67.03,67.20,1234570
12-Dec-14,70.00,70.22,68.48,68.50,1693008
11-Dec-14,69.85,70.89,69.78,70.22,1158427
10-Dec-14,69.79,69.82,68.68,68.74,807720
9-Dec-14,69.69,70.25,69.42,69.89,990597
8-Dec-14,70.39,70.58,69.69,69.80,1155372
5-Dec-14,69.44,70.06,69.25,69.75,877333
4-Dec-14,69.69,69.79,68.99,69.17,899216
3-Dec-14,69.75,69.99,69.44,69.70,1086382
2-Dec-14,70.92,71.03,70.21,70.35,1011581
1-Dec-14,71.08,71.28,70.81,70.85,805736
28-Nov-14,70.75,70.88,70.19,70.32,432690
26-Nov-14,71.05,71.29,70.90,71.12,1054800
25-Nov-14,70.75,71.05,70.73,70.80,900409
24-Nov-14,70.47,70.62,70.07,70.36,1035669
21-Nov-14,69.71,69.78,69.25,69.36,728867
20-Nov-14,68.14,68.79,68.08,68.62,551232
19-Nov-14,69.15,69.17,68.45,68.72,857104
18-Nov-14,68.13,68.94,67.99,68.60,1459592
17-Nov-14,67.07,67.64,66.98,67.52,1107758
14-Nov-14,66.22,66.97,66.20,66.88,393470
13-Nov-14,66.18,66.98,66.17,66.63,623272
12-Nov-14,66.36,66.84,66.25,66.45,948711
11-Nov-14,67.13,67.46,66.90,67.32,473909
10-Nov-14,66.99,67.40,66.84,67.28,767528
7-Nov-14,66.61,66.96,66.41,66.85,1429431
6-Nov-14,67.32,67.76,67.08,67.49,675220
5-Nov-14,67.22,67.44,66.84,67.22,747993
4-Nov-14,66.80,67.20,66.54,66.92,1094405
3-Nov-14,67.22,67.28,66.84,67.17,1870550
31-Oct-14,67.24,68.16,66.99,68.13,1900559
30-Oct-14,65.53,66.66,65.49,66.32,2786765
29-Oct-14,66.68,66.92,65.98,66.17,3066753
28-Oct-14,66.58,67.02,66.42,66.98,1040788
27-Oct-14,64.73,65.70,64.63,65.41,881085
24-Oct-14,65.81,65.95,65.42,65.68,681300
23-Oct-14,65.31,66.44,65.20,66.16,1403385
22-Oct-14,64.96,65.23,64.11,64.14,1733782
21-Oct-14,65.24,66.18,65.23,66.07,1497695
20-Oct-14,65.74,65.78,64.10,65.68,2877339
17-Oct-14,68.39,69.21,68.10,68.99,1245444
16-Oct-14,65.73,66.87,65.49,66.45,2951418
15-Oct-14,67.91,68.11,66.50,68.04,1623655
14-Oct-14,68.64,69.13,68.37,68.61,2446220
13-Oct-14,68.53,69.20,68.23,68.25,1134018
10-Oct-14,68.84,69.65,68.74,68.78,3258431
9-Oct-14,69.78,70.05,68.86,68.92,1308020
8-Oct-14,68.18,69.38,67.91,69.21,3017852
7-Oct-14,71.05,71.19,70.39,70.41,1167563
6-Oct-14,70.99,71.70,70.95,71.31,1396671
3-Oct-14,70.81,71.35,70.71,71.08,939608
2-Oct-14,71.08,71.54,70.74,71.41,1209205
1-Oct-14,71.84,71.85,71.09,71.26,1207606
30-Sep-14,71.86,72.30,71.66,72.16,1381641
29-Sep-14,72.06,72.74,71.98,72.45,930205
26-Sep-14,73.01,73.17,72.57,73.15,417759
25-Sep-14,72.86,73.00,72.09,72.36,1688507
24-Sep-14,72.91,73.96,72.80,73.89,1091396
23-Sep-14,74.44,74.74,73.63,73.66,1005256
22-Sep-14,74.71,74.72,74.27,74.51,1178225
19-Sep-14,74.39,74.46,73.84,73.97,3268601
18-Sep-14,76.83,77.47,76.83,77.35,315529
17-Sep-14,77.00,77.15,76.46,76.52,594687
16-Sep-14,76.71,77.50,76.66,77.35,625904
15-Sep-14,77.69,77.86,77.41,77.63,469026
12-Sep-14,77.24,77.58,76.88,77.43,567010
11-Sep-14,77.23,77.83,77.18,77.64,752559
10-Sep-14,77.47,77.89,77.27,77.76,931949
9-Sep-14,77.58,77.97,77.37,77.61,599556
8-Sep-14,78.17,78.63,77.91,78.25,686881
5-Sep-14,77.58,77.98,77.11,77.94,696170
4-Sep-14,77.38,77.97,77.31,77.40,957396
3-Sep-14,77.70,77.96,77.55,77.73,899248
2-Sep-14,78.40,78.65,78.12,78.54,790758
29-Aug-14,77.90,78.20,77.23,77.93,654114
28-Aug-14,77.88,78.13,77.58,77.88,729450
27-Aug-14,79.21,79.25,78.88,79.19,526275
26-Aug-14,78.69,79.09,78.63,78.81,409536
25-Aug-14,78.18,78.76,78.01,78.47,908390
22-Aug-14,77.55,77.65,77.01,77.23,655624
21-Aug-14,77.24,78.06,77.24,77.96,814118
20-Aug-14,76.72,77.59,76.72,77.40,1038241
19-Aug-14,77.87,78.06,77.71,77.95,459766
18-Aug-14,77.12,77.41,76.90,77.28,488704
15-Aug-14,77.58,77.72,75.63,76.32,1224294
14-Aug-14,77.19,77.36,76.97,77.08,446695
13-Aug-14,77.11,77.15,76.54,77.06,1035641
12-Aug-14,77.28,77.43,76.69,77.09,1043613
11-Aug-14,77.35,77.94,77.13,77.64,865627
8-Aug-14,76.36,76.90,76.15,76.88,652708
7-Aug-14,77.83,77.94,76.31,76.58,606217
6-Aug-14,76.44,77.42,76.44,77.05,1013118
5-Aug-14,77.85,77.89,77.14,77.30,605802
4-Aug-14,76.82,77.27,76.32,77.13,1158800
1-Aug-14,77.55,78.09,77.27,77.41,1516541
31-Jul-14,79.15,79.40,78.48,78.49,876905
30-Jul-14,80.42,80.53,79.80,80.31,594413
29-Jul-14,80.53,80.84,80.12,80.31,625168
28-Jul-14,80.61,80.70,79.92,80.48,1233029
25-Jul-14,81.04,81.20,80.12,80.68,919459
24-Jul-14,81.82,81.97,81.37,81.80,786976
23-Jul-14,82.67,82.70,82.28,82.30,658152
22-Jul-14,81.38,82.01,81.31,81.74,712199
21-Jul-14,81.02,81.41,80.83,81.23,878918
18-Jul-14,80.65,81.49,80.45,81.33,1132236
17-Jul-14,81.19,81.47,79.77,80.68,3552985
16-Jul-14,78.39,79.81,78.23,79.64,2512099
15-Jul-14,78.22,78.59,77.88,78.12,679499
14-Jul-14,79.24,79.31,78.83,79.07,525730
11-Jul-14,77.23,77.95,77.05,77.79,571021
10-Jul-14,77.35,77.98,77.32,77.79,512463
9-Jul-14,78.45,78.66,78.19,78.51,676231
8-Jul-14,78.15,78.38,77.78,77.93,580146
7-Jul-14,78.91,79.09,78.60,78.97,724631
3-Jul-14,77.75,78.35,77.73,78.25,361661
2-Jul-14,77.55,77.71,77.32,77.50,638487
1-Jul-14,76.85,77.76,76.76,77.40,864961
30-Jun-14,77.44,77.64,76.93,77.00,1023912
27-Jun-14,76.70,76.94,76.53,76.91,400187
26-Jun-14,76.94,76.94,76.12,76.62,792346
25-Jun-14,77.11,77.62,77.02,77.15,861053
24-Jun-14,77.56,78.01,77.42,77.44,319820
23-Jun-14,77.91,77.94,77.32,77.67,528541
20-Jun-14,77.63,77.91,77.49,77.72,972018
19-Jun-14,78.69,78.80,78.19,78.31,702527
18-Jun-14,77.87,78.26,77.57,78.20,425899
17-Jun-14,77.06,77.34,76.96,77.16,443943
16-Jun-14,76.82,77.26,76.67,76.90,676935
13-Jun-14,75.98,76.30,75.71,75.97,388362
12-Jun-14,75.19,75.43,75.06,75.35,882559
11-Jun-14,74.94,75.03,74.74,74.93,298894
10-Jun-14,74.91,75.20,74.66,75.03,697065
9-Jun-14,74.77,75.23,74.71,75.04,544421
6-Jun-14,75.47,75.49,74.97,75.26,1112438
5-Jun-14,75.21,75.90,74.97,75.75,593680
4-Jun-14,75.47,75.74,75.25,75.38,1367479
3-Jun-14,76.11,76.47,76.00,76.35,430457
2-Jun-14,76.13,76.18,75.64,75.78,537221
30-May-14,76.61,76.71,76.30,76.50,383441
29-May-14,76.27,76.62,76.19,76.48,783669
28-May-14,76.50,76.53,75.87,76.29,777856
27-May-14,76.18,76.21,75.62,75.93,714223
23-May-14,74.15,74.65,74.12,74.57,648247
22-May-14,74.37,74.65,74.20,74.21,828959
21-May-14,75.00,75.55,74.94,75.53,572028
20-May-14,75.10,75.43,74.43,74.81,745671
19-May-14,75.20,75.48,74.85,75.42,1658909
16-May-14,75.69,75.83,75.23,75.81,631707
15-May-14,76.56,76.59,75.55,75.78,973505
14-May-14,76.84,77.33,76.77,76.77,1099171
13-May-14,77.00,77.00,76.34,76.42,783192
12-May-14,76.69,77.02,76.57,76.79,854861
9-May-14,75.48,75.98,75.14,75.65,1613551
8-May-14,77.11,77.24,76.16,76.36,1993488
7-May-14,78.37,78.69,77.89,78.26,866014
6-May-14,78.92,78.97,77.94,78.00,1215941
5-May-14,78.10,78.84,77.87,78.50,846503
2-May-14,79.38,80.43,79.29,80.01,864134
1-May-14,80.90,81.16,80.53,80.63,492713
30-Apr-14,80.40,81.03,80.22,80.99,1104055
29-Apr-14,79.26,79.79,79.04,79.46,761470
28-Apr-14,78.38,78.60,77.81,78.30,1153372
25-Apr-14,78.79,78.80,77.75,77.88,908404
24-Apr-14,79.32,79.52,78.60,79.06,1144804
23-Apr-14,79.66,79.78,79.24,79.56,533014
22-Apr-14,79.94,80.21,79.62,79.72,848006
21-Apr-14,79.83,80.18,79.33,80.07,557729
17-Apr-14,79.38,80.22,79.00,79.77,1594107
16-Apr-14,80.15,81.69,79.84,81.62,1072459
15-Apr-14,79.87,80.20,78.77,80.00,1196684
14-Apr-14,79.08,80.11,78.80,80.07,837397
11-Apr-14,78.94,79.40,78.53,78.59,708033
10-Apr-14,81.43,81.47,79.73,80.14,1044358
9-Apr-14,81.00,81.49,80.38,81.44,1479506
8-Apr-14,79.82,80.73,79.68,80.46,760563
7-Apr-14,80.21,80.36,79.10,79.47,998344
4-Apr-14,80.78,81.35,80.37,80.58,1200269
3-Apr-14,81.11,81.19,80.63,80.78,540242
2-Apr-14,81.34,81.41,80.40,80.99,1353333
1-Apr-14,81.46,81.82,81.27,81.77,957658
31-Mar-14,81.19,81.85,80.89,81.31,675205
28-Mar-14,80.23,80.75,80.07,80.45,707861
27-Mar-14,79.44,80.17,79.27,79.51,2055349
26-Mar-14,79.33,79.40,78.68,79.33,1414986
25-Mar-14,78.18,78.85,77.91,78.70,709712
24-Mar-14,77.87,78.08,77.22,77.91,783931
21-Mar-14,77.31,78.31,77.26,77.38,984475
20-Mar-14,76.22,77.07,76.17,76.97,607618
19-Mar-14,77.79,78.09,76.60,77.32,1578664
18-Mar-14,77.26,78.13,77.20,78.03,681922
17-Mar-14,77.06,77.60,76.93,77.19,1281284
14-Mar-14,75.09,75.95,75.08,75.33,1764877
13-Mar-14,77.07,77.18,74.59,74.87,1502697
12-Mar-14,76.87,77.07,76.53,76.80,981853
11-Mar-14,77.71,78.19,77.34,77.50,914679
10-Mar-14,77.56,77.82,76.87,77.36,382112
7-Mar-14,78.87,78.93,77.83,78.19,733461
6-Mar-14,79.28,79.50,79.02,79.27,705497
5-Mar-14,78.50,78.77,78.17,78.29,1008721
4-Mar-14,79.11,79.24,78.74,78.96,686237
3-Mar-14,78.79,78.98,77.53,77.74,1115605
28-Feb-14,80.37,80.99,79.85,80.29,1175314
27-Feb-14,79.14,79.85,79.06,79.74,608972
26-Feb-14,79.85,80.19,79.28,79.53,714439
25-Feb-14,80.07,80.30,79.50,79.81,1073377
24-Feb-14,79.54,80.03,79.44,79.50,475792
21-Feb-14,79.55,79.92,79.17,79.18,723429
20-Feb-14,79.25,79.54,78.88,79.44,808596
19-Feb-14,80.04,80.48,79.49,79.53,1621655
18-Feb-14,80.65,80.65,80.12,80.25,1120242
14-Feb-14,79.68,80.26,79.51,80.15,853886
13-Feb-14,77.97,79.25,77.97,79.17,657700
12-Feb-14,77.51,78.31,77.51,78.01,1343133
11-Feb-14,77.02,78.23,77.00,78.08,834316
10-Feb-14,76.42,76.50,76.19,76.31,423382
7-Feb-14,76.39,76.70,75.91,76.69,481537
6-Feb-14,75.45,76.70,75.38,76.28,734472
5-Feb-14,74.69,75.28,74.60,75.03,1132052
4-Feb-14,75.57,75.63,75.12,75.32,712292
3-Feb-14,76.20,76.40,75.00,75.09,1182225
31-Jan-14,75.93,76.84,75.64,76.42,1320701
30-Jan-14,77.66,77.89,77.04,77.62,945639
29-Jan-14,76.93,77.75,76.68,76.92,769065
28-Jan-14,77.04,77.75,76.96,77.56,1482039
27-Jan-14,78.54,78.58,77.56,77.76,847022
24-Jan-14,78.58,78.70,77.25,77.47,2407669
23-Jan-14,79.31,79.72,78.98,79.65,2711753
22-Jan-14,80.35,80.58,79.75,80.06,4826839
21-Jan-14,81.62,81.76,80.14,81.41,1365315
17-Jan-14,82.19,82.75,81.98,82.32,1204925
16-Jan-14,83.08,83.17,82.20,82.81,924890
15-Jan-14,82.30,83.39,82.27,83.01,1248563
14-Jan-14,82.59,82.78,82.18,82.78,1056104
13-Jan-14,83.04,83.79,83.00,83.02,1510101
10-Jan-14,82.91,83.85,82.56,83.54,1844872
9-Jan-14,84.70,84.75,83.60,84.62,1434199
8-Jan-14,85.10,85.62,84.86,85.45,1124468
7-Jan-14,84.21,84.24,83.62,84.18,718780
6-Jan-14,84.88,85.04,84.38,84.42,517544
3-Jan-14,84.04,84.50,83.94,84.33,1265593
2-Jan-14,84.97,85.09,84.20,84.91,1614676
31-Dec-13,86.78,87.42,86.65,87.14,621518
30-Dec-13,85.99,86.74,85.81,86.63,256141
27-Dec-13,85.58,86.04,85.26,85.80,865342
26-Dec-13,85.24,85.86,85.24,85.71,228777
24-Dec-13,84.86,85.33,84.67,85.15,147930
23-Dec-13,84.43,84.87,84.34,84.84,315199
20-Dec-13,83.72,84.41,83.72,84.20,778577
19-Dec-13,82.68,83.68,82.60,83.57,1538869
18-Dec-13,81.78,82.76,81.21,82.30,703457
17-Dec-13,81.31,81.64,80.92,81.60,662786
16-Dec-13,82.00,82.39,81.78,82.35,659033
13-Dec-13,81.04,81.15,80.58,81.11,461806
12-Dec-13,80.65,81.01,80.39,80.91,888120
11-Dec-13,82.06,82.06,81.23,81.40,540511
10-Dec-13,81.78,82.15,81.30,81.41,1018914
9-Dec-13,82.20,82.46,81.97,82.40,903549
6-Dec-13,81.82,82.56,81.77,82.22,2208218
5-Dec-13,81.07,81.61,81.02,81.40,647741
4-Dec-13,80.35,81.35,80.20,81.27,775817
3-Dec-13,81.45,81.86,81.14,81.63,625366
2-Dec-13,82.14,82.16,81.61,81.70,381224
29-Nov-13,82.83,83.17,82.34,82.72,573516
27-Nov-13,83.14,83.55,83.04,83.38,666707
26-Nov-13,82.12,82.83,82.05,82.53,570341
25-Nov-13,82.44,82.72,82.22,82.30,1175205
22-Nov-13,81.55,82.22,81.37,82.22,1462120
21-Nov-13,81.34,81.68,81.04,81.64,668164
20-Nov-13,82.21,82.39,81.16,81.23,629021
19-Nov-13,82.29,82.52,81.81,82.02,1000740
18-Nov-13,82.59,82.59,81.93,81.95,1273371
15-Nov-13,81.59,82.66,81.49,82.55,1589380
14-Nov-13,80.49,80.98,80.11,80.74,827734
13-Nov-13,79.33,80.63,79.11,80.60,614586
12-Nov-13,80.37,80.50,79.40,79.82,1071180
11-Nov-13,79.78,81.51,79.63,81.19,1683082
8-Nov-13,78.34,79.24,78.02,79.22,1121766
7-Nov-13,78.85,79.39,78.40,78.71,1288189
6-Nov-13,79.21,79.66,78.81,79.26,1138860
5-Nov-13,77.48,78.11,77.09,77.78,798260
4-Nov-13,78.12,78.57,78.00,78.53,359564
1-Nov-13,78.14,78.40,77.62,77.80,813747
31-Oct-13,78.81,78.89,78.31,78.35,697239
30-Oct-13,79.39,79.64,78.48,78.80,758036
29-Oct-13,79.76,79.90,79.09,79.09,772311
28-Oct-13,80.02,80.02,79.44,79.79,836388
25-Oct-13,79.81,79.89,79.03,79.45,1996566
24-Oct-13,78.80,78.83,78.29,78.46,708669
23-Oct-13,78.35,78.78,78.03,78.55,1557419
22-Oct-13,78.17,79.36,78.04,78.97,3308114
21-Oct-13,77.35,77.59,76.14,76.41,3373620
18-Oct-13,72.12,74.54,72.06,73.75,2655479
17-Oct-13,72.82,72.89,72.38,72.89,1419269
16-Oct-13,72.50,73.11,72.42,73.08,1077266
15-Oct-13,72.49,72.86,72.32,72.33,1155181
14-Oct-13,73.08,73.52,72.93,73.40,626164
11-Oct-13,73.36,73.76,72.85,73.75,1460372
10-Oct-13,72.51,72.64,71.90,72.22,1252891
9-Oct-13,71.07,71.41,70.20,71.36,1342165
8-Oct-13,71.52,71.58,70.91,70.94,933621
7-Oct-13,71.90,72.03,71.39,71.47,1459965
4-Oct-13,73.49,73.66,73.29,73.44,622716
3-Oct-13,74.60,74.61,73.72,74.12,544940
2-Oct-13,74.38,74.78,73.70,74.78,894294
1-Oct-13,73.85,74.41,73.61,73.87,1148078
30-Sep-13,73.91,74.12,73.66,73.92,1033860
27-Sep-13,74.56,74.86,74.26,74.36,1639838
26-Sep-13,74.75,74.95,74.32,74.60,1038978
25-Sep-13,75.44,75.87,75.16,75.27,1266122
24-Sep-13,74.58,74.85,74.27,74.38,914350
23-Sep-13,74.09,74.29,73.60,73.93,1425074
20-Sep-13,75.21,75.41,73.94,74.01,1585764
19-Sep-13,75.72,75.72,74.75,74.94,1145576
18-Sep-13,73.53,75.47,73.38,75.29,1199115
17-Sep-13,73.10,73.53,72.82,73.53,566173
16-Sep-13,73.64,73.64,72.68,72.91,829492
13-Sep-13,73.01,73.02,72.43,72.64,718189
12-Sep-13,73.26,73.65,73.08,73.50,1217290
11-Sep-13,71.99,72.60,71.87,72.60,850504
10-Sep-13,72.48,72.68,72.16,72.46,776258
9-Sep-13,70.88,71.98,70.85,71.96,1033706
6-Sep-13,70.54,70.89,70.15,70.50,1491745
5-Sep-13,70.18,70.96,69.71,70.27,3386804
4-Sep-13,71.13,72.09,70.98,71.70,1682461
3-Sep-13,73.00,73.21,72.06,72.45,1352580
30-Aug-13,74.24,74.31,73.68,73.82,466980
29-Aug-13,74.41,74.73,74.25,74.32,629497
28-Aug-13,74.62,75.19,74.61,74.84,828908
27-Aug-13,76.41,76.61,75.37,75.51,815132
26-Aug-13,77.24,77.46,76.90,76.90,421606
23-Aug-13,76.60,76.97,76.39,76.94,709110
22-Aug-13,75.67,76.04,75.62,75.83,498573
21-Aug-13,75.57,75.78,74.83,75.00,1009737
20-Aug-13,75.77,76.03,75.29,75.65,1172258
19-Aug-13,76.15,76.20,75.45,75.53,1239570
16-Aug-13,75.83,76.08,75.41,75.68,1319080
15-Aug-13,75.55,75.92,74.95,75.79,1504928
14-Aug-13,76.01,76.58,75.79,76.22,903681
13-Aug-13,74.53,75.12,74.25,75.00,415679
12-Aug-13,73.99,74.38,73.99,74.33,748321
9-Aug-13,74.95,75.25,74.61,74.77,668210
8-Aug-13,75.13,75.34,74.84,75.23,875956
7-Aug-13,75.09,75.59,75.04,75.50,1168471
6-Aug-13,76.53,76.56,75.63,75.84,1242650
5-Aug-13,74.87,75.17,74.76,75.09,754280
2-Aug-13,74.36,75.13,74.22,74.82,825499
1-Aug-13,73.93,74.18,73.51,74.08,921902
31-Jul-13,73.50,73.58,72.77,72.89,1347404
30-Jul-13,74.12,74.12,73.08,73.25,813602
29-Jul-13,73.07,73.23,72.83,73.02,678367
26-Jul-13,73.26,73.73,72.87,73.69,929296
25-Jul-13,73.28,74.03,73.11,73.96,2244060
24-Jul-13,73.68,73.68,73.09,73.16,1942490
23-Jul-13,72.89,72.92,72.41,72.53,1538718
22-Jul-13,72.53,72.84,72.17,72.39,3226400
19-Jul-13,72.87,73.47,72.71,72.81,3308077
18-Jul-13,75.48,75.53,73.17,73.90,5043665
17-Jul-13,76.10,76.40,75.50,76.00,1564856
16-Jul-13,75.51,75.70,75.17,75.70,1167504
15-Jul-13,75.58,75.64,74.81,75.07,1364555
12-Jul-13,74.87,75.22,74.30,75.16,1098930
11-Jul-13,73.73,74.67,73.36,74.56,1166354
10-Jul-13,71.85,72.12,71.55,71.77,1704570
9-Jul-13,72.22,72.27,71.76,71.87,1066754
8-Jul-13,71.56,71.89,71.41,71.69,1450183
5-Jul-13,70.42,70.77,69.96,70.77,1513918
3-Jul-13,71.06,71.23,70.68,70.82,1210070
2-Jul-13,71.92,72.62,71.63,71.96,3347976
1-Jul-13,72.71,72.85,71.05,71.12,2797753
28-Jun-13,73.36,73.40,72.42,72.83,2327039
27-Jun-13,75.55,75.77,75.09,75.60,1598410
26-Jun-13,74.43,75.11,74.38,74.68,1591306
25-Jun-13,72.24,72.75,71.21,72.73,2211397
24-Jun-13,71.19,71.95,71.07,71.45,2546924
21-Jun-13,72.99,73.10,71.91,72.75,3078970
20-Jun-13,75.34,75.43,74.08,74.56,1629130
19-Jun-13,77.09,77.59,76.19,76.36,1372165
18-Jun-13,77.04,77.45,76.84,77.18,1046324
17-Jun-13,77.52,77.77,76.86,77.30,973524
14-Jun-13,76.35,76.75,75.82,75.89,682987
13-Jun-13,75.81,76.86,75.75,76.76,1178641
12-Jun-13,77.04,77.06,75.99,76.10,915966
11-Jun-13,76.32,76.73,75.93,76.02,604389
10-Jun-13,77.26,77.68,76.70,77.55,823178
7-Jun-13,75.81,76.76,75.55,76.34,1511598
6-Jun-13,75.84,76.08,74.96,75.74,1526631
5-Jun-13,74.60,75.29,74.46,74.67,2859952
4-Jun-13,75.31,75.50,74.51,74.82,1743500
3-Jun-13,75.01,75.01,74.23,74.86,1868891
31-May-13,74.44,74.94,73.44,73.44,1312017
30-May-13,76.14,76.79,76.12,76.28,1664598
29-May-13,76.20,76.46,75.71,75.99,922727
28-May-13,77.92,78.08,76.57,77.01,1251388
24-May-13,77.10,77.20,75.63,75.87,2917236
23-May-13,78.05,78.61,77.84,78.20,669430
22-May-13,79.83,80.71,78.47,78.71,813520
21-May-13,79.48,80.12,79.20,79.57,1058822
20-May-13,80.03,80.77,79.65,80.41,1712148
17-May-13,80.19,81.07,80.08,80.89,1876251
16-May-13,81.46,82.07,80.71,80.75,1243721
15-May-13,81.94,82.47,81.87,82.18,866315
14-May-13,82.63,83.35,82.60,83.11,830977
13-May-13,82.53,82.63,81.99,82.07,563764
10-May-13,82.22,82.63,81.80,82.38,1147740
9-May-13,82.21,82.41,81.59,81.88,719880
8-May-13,82.70,83.13,82.28,82.75,1245369
7-May-13,82.26,82.32,81.56,81.89,654711
6-May-13,81.32,81.73,80.96,81.14,531725
3-May-13,80.11,81.70,80.05,81.44,1347099
2-May-13,78.51,78.92,78.39,78.69,1301479
1-May-13,79.82,80.21,78.73,78.87,721360
30-Apr-13,78.90,79.85,78.76,79.85,889418
29-Apr-13,78.20,79.00,78.10,78.79,1005096
26-Apr-13,77.64,78.21,77.50,77.98,807529
25-Apr-13,78.21,78.97,78.18,78.62,1046283
24-Apr-13,76.70,77.92,76.51,77.53,1467301
23-Apr-13,74.96,75.80,74.93,75.44,1676349
22-Apr-13,75.13,75.17,74.12,74.69,2026535
19-Apr-13,75.97,76.65,74.76,75.11,4379446
18-Apr-13,77.81,78.64,76.94,78.21,2347739
17-Apr-13,77.84,77.84,76.48,76.88,1867047
16-Apr-13,78.75,78.96,77.94,78.87,1176693
15-Apr-13,77.26,77.49,76.45,76.45,1765075
12-Apr-13,77.49,78.19,77.41,78.01,2163843
11-Apr-13,77.45,79.02,77.35,78.91,2358562
10-Apr-13,77.15,78.25,77.13,78.06,1273021
9-Apr-13,77.63,78.32,77.01,77.88,1687875
8-Apr-13,78.31,78.60,77.77,77.94,1261299
5-Apr-13,78.25,78.43,77.44,77.74,2002054
4-Apr-13,79.79,80.34,78.76,79.61,1198453
3-Apr-13,81.14,81.27,79.99,80.24,989650
2-Apr-13,80.46,81.22,80.46,80.79,1424951
1-Apr-13,80.63,80.68,79.84,80.11,732035
28-Mar-13,79.51,80.68,79.38,80.54,1877413
27-Mar-13,78.70,79.32,78.33,79.18,1656474
26-Mar-13,79.72,80.27,79.29,80.27,1016844
25-Mar-13,81.58,81.83,79.63,79.86,1198528
22-Mar-13,81.09,81.58,80.61,81.04,1625361
21-Mar-13,81.08,81.49,80.66,80.72,2148620
20-Mar-13,83.46,83.58,82.85,83.19,542544
19-Mar-13,83.29,83.58,81.87,82.60,851295
18-Mar-13,82.72,83.68,82.61,82.98,838462
15-Mar-13,84.54,84.64,83.93,84.58,943241
14-Mar-13,83.65,84.66,83.43,84.57,925069
13-Mar-13,82.83,83.02,82.45,82.62,440758
12-Mar-13,83.84,83.85,82.70,82.89,503459
11-Mar-13,82.93,83.48,82.79,83.25,652140
8-Mar-13,82.91,83.36,82.54,83.21,867681
7-Mar-13,83.67,84.03,83.25,83.44,1248049
6-Mar-13,82.93,83.20,82.09,82.69,1442505
5-Mar-13,80.90,82.25,80.88,81.87,1375431
4-Mar-13,79.21,80.05,79.03,79.92,611372
1-Mar-13,78.25,78.94,77.72,78.68,779940
28-Feb-13,78.55,78.94,78.16,78.20,798163
27-Feb-13,77.44,78.70,77.37,78.60,1593309
26-Feb-13,77.69,78.20,77.00,77.86,1437192
25-Feb-13,80.90,81.17,78.24,78.26,1629094
22-Feb-13,78.21,78.94,77.76,78.91,654296
21-Feb-13,78.18,78.55,77.96,78.05,1088930
20-Feb-13,80.65,80.88,79.67,79.70,1038130
19-Feb-13,79.94,80.54,79.82,80.54,705616
15-Feb-13,80.23,80.49,79.75,80.04,894740
14-Feb-13,79.45,80.07,79.32,80.07,816519
13-Feb-13,80.76,81.04,80.38,80.67,723173
12-Feb-13,79.62,80.93,79.50,80.93,939195
11-Feb-13,79.21,79.36,78.57,79.24,1645075
8-Feb-13,79.51,80.05,79.43,79.92,1373007
7-Feb-13,79.93,80.04,78.92,79.74,1309793
6-Feb-13,80.13,80.65,79.60,80.16,1261569
5-Feb-13,81.43,81.89,81.33,81.88,938708
4-Feb-13,82.19,82.61,81.11,81.44,1029171
1-Feb-13,83.31,83.64,83.01,83.57,1577402
31-Jan-13,81.83,82.34,81.74,82.02,970283
30-Jan-13,81.41,81.87,81.26,81.55,1180102
29-Jan-13,80.43,81.40,80.36,81.22,1460407
28-Jan-13,80.93,80.93,80.29,80.36,719101
25-Jan-13,80.54,81.24,80.39,80.99,1365043
24-Jan-13,78.57,79.00,78.33,78.50,814036
23-Jan-13,77.78,79.00,77.66,78.62,1709229
22-Jan-13,77.06,77.60,76.74,77.52,1442613
18-Jan-13,77.61,77.78,77.00,77.38,1310331
17-Jan-13,78.21,78.34,77.40,77.67,1558385
16-Jan-13,77.81,78.76,77.77,78.13,1411341
15-Jan-13,77.72,78.55,77.15,77.55,4501854
14-Jan-13,81.92,82.00,81.43,81.88,1082073
11-Jan-13,81.79,82.19,81.50,81.78,2475125
10-Jan-13,80.71,82.90,80.01,82.40,3014121
9-Jan-13,79.51,80.15,79.47,80.05,1320204
8-Jan-13,79.96,80.10,78.89,79.89,1359892
7-Jan-13,79.61,79.94,79.47,79.79,1193274
4-Jan-13,79.98,80.65,79.89,80.42,1485386
3-Jan-13,81.30,81.49,80.32,80.45,989934
2-Jan-13,82.05,82.40,81.49,82.40,686418
31-Dec-12,79.62,80.76,79.40,80.38,1022854
28-Dec-12,79.87,80.14,79.36,79.39,524693
27-Dec-12,80.80,80.93,79.78,80.60,900839
26-Dec-12,79.96,80.67,79.65,80.03,419257
24-Dec-12,79.93,80.15,79.49,80.10,325609
21-Dec-12,79.74,80.07,79.33,79.61,1144693
20-Dec-12,80.90,81.15,80.54,81.09,782148
19-Dec-12,81.21,81.56,80.36,80.49,1870609
18-Dec-12,79.96,81.21,79.94,81.21,2134349
17-Dec-12,80.13,80.69,80.13,80.64,725995
14-Dec-12,79.39,80.46,79.30,80.39,853517
13-Dec-12,79.56,79.79,78.74,78.91,537124
12-Dec-12,79.92,80.11,79.62,79.75,1212810
11-Dec-12,79.73,80.02,79.60,79.82,718477
10-Dec-12,79.12,79.44,78.98,79.43,705283
7-Dec-12,79.14,79.28,78.56,78.92,885027
6-Dec-12,79.04,79.48,78.69,78.92,876275
5-Dec-12,79.09,79.61,78.72,78.91,1956831
4-Dec-12,80.08,80.41,79.67,80.13,1331038
3-Dec-12,79.50,79.71,79.13,79.53,1302598
30-Nov-12,78.32,78.66,77.75,77.99,1603130
29-Nov-12,78.19,78.58,77.73,78.43,893317
28-Nov-12,76.58,77.55,76.43,77.55,550693
27-Nov-12,77.02,77.28,76.70,76.98,848667
26-Nov-12,77.37,77.85,76.96,77.83,769929
23-Nov-12,76.83,77.38,76.79,77.21,702775
21-Nov-12,74.98,75.43,74.76,75.23,772790
20-Nov-12,73.60,74.38,73.32,74.36,1784919
19-Nov-12,72.35,73.59,72.31,73.47,1049448
16-Nov-12,71.18,71.44,70.53,71.22,822716
15-Nov-12,70.87,71.16,70.58,71.04,713337
14-Nov-12,72.07,72.14,70.92,71.21,1228050
13-Nov-12,71.20,72.09,71.04,71.58,968926
12-Nov-12,70.94,71.39,70.57,71.15,915605
9-Nov-12,70.59,71.21,70.49,70.93,1221811
8-Nov-12,71.60,71.83,71.17,71.21,703748
7-Nov-12,72.04,72.37,71.60,72.16,1076858
6-Nov-12,73.34,73.91,73.26,73.76,607156
5-Nov-12,72.70,73.08,72.33,72.95,647753
2-Nov-12,73.64,73.64,72.84,72.87,775990
1-Nov-12,73.58,73.93,73.07,73.88,1094977
31-Oct-12,73.26,73.35,72.61,72.90,992595
26-Oct-12,71.73,71.95,70.95,71.59,1899041
25-Oct-12,71.55,71.96,70.75,70.94,1377435
24-Oct-12,72.07,72.47,70.73,71.21,3315632
23-Oct-12,68.67,69.97,68.25,69.69,2008305
22-Oct-12,70.51,70.60,69.24,69.66,1956829
19-Oct-12,71.46,71.49,70.18,70.21,2023206
18-Oct-12,71.25,71.76,70.54,70.95,2072604
17-Oct-12,71.82,71.98,71.41,71.51,1669509
16-Oct-12,72.51,72.63,72.06,72.41,1009977
15-Oct-12,71.20,71.49,70.71,71.47,990079
12-Oct-12,70.55,71.06,70.02,70.54,1877036
11-Oct-12,69.96,70.20,68.98,69.43,1099833
10-Oct-12,68.99,69.21,68.67,69.05,2344477
9-Oct-12,70.96,71.07,69.79,69.88,1322097
8-Oct-12,71.75,72.05,71.30,71.63,922139
5-Oct-12,71.86,72.18,71.38,71.78,1367845
4-Oct-12,69.81,71.23,69.53,71.06,2147197
3-Oct-12,70.99,71.33,70.56,70.69,930590
2-Oct-12,71.01,71.20,70.27,70.62,1301727
1-Oct-12,72.11,72.30,70.28,70.63,2031885
28-Sep-12,71.40,71.62,70.66,71.33,1567090
27-Sep-12,71.32,71.74,70.77,71.38,1327614
26-Sep-12,70.97,71.12,70.55,70.72,979583
25-Sep-12,73.21,73.60,72.09,72.12,1810124
24-Sep-12,72.26,72.58,72.08,72.31,606000
21-Sep-12,73.78,73.86,72.83,72.90,1112259
20-Sep-12,72.30,72.62,71.95,72.42,1092354
19-Sep-12,72.82,73.18,72.65,72.90,762788
18-Sep-12,72.17,72.98,72.04,72.85,950385
17-Sep-12,72.17,72.43,71.56,71.83,566317
14-Sep-12,71.93,72.50,71.77,72.03,746967
13-Sep-12,70.27,71.46,69.92,71.34,960383
12-Sep-12,70.28,70.55,69.99,70.35,1199878
11-Sep-12,68.32,69.42,68.32,69.13,1212638
10-Sep-12,68.09,68.77,67.96,68.25,882625
7-Sep-12,68.22,68.85,68.13,68.78,1243759
6-Sep-12,67.13,68.39,67.13,68.15,1293063
5-Sep-12,66.89,67.19,66.64,66.75,1772498
4-Sep-12,66.23,66.53,65.59,66.13,1229967
31-Aug-12,66.14,66.25,65.32,65.66,1235646
30-Aug-12,65.19,65.19,63.97,64.09,1033475
29-Aug-12,65.21,65.51,64.94,65.01,847872
28-Aug-12,65.16,65.30,64.72,64.93,1416516
27-Aug-12,65.14,65.87,64.97,65.49,1034139
24-Aug-12,64.16,64.97,64.04,64.79,525419
23-Aug-12,64.74,64.79,64.14,64.52,643289
22-Aug-12,64.47,65.18,64.38,65.03,794492
21-Aug-12,65.81,66.12,65.21,65.46,1045111
20-Aug-12,64.85,65.02,64.51,64.84,1021195
17-Aug-12,64.02,64.19,63.61,64.08,1211910
16-Aug-12,63.65,64.63,63.64,64.38,763285
15-Aug-12,63.70,64.11,63.67,63.96,578136
14-Aug-12,64.74,64.78,64.12,64.30,687550
13-Aug-12,64.20,64.59,63.74,64.25,1342091
10-Aug-12,63.34,64.12,63.16,64.09,3372510
9-Aug-12,64.05,64.79,64.02,64.20,1439499
8-Aug-12,64.87,65.06,64.44,64.66,1153928
7-Aug-12,65.18,65.32,64.75,64.85,1449959
6-Aug-12,65.47,65.80,65.24,65.27,1125387
3-Aug-12,63.90,65.16,63.75,64.85,1493268
2-Aug-12,62.52,63.18,61.89,62.18,1079867
1-Aug-12,63.84,63.85,62.59,62.77,1081487
31-Jul-12,64.12,64.35,63.34,63.36,1099281
30-Jul-12,63.76,64.46,63.76,64.29,2201543
27-Jul-12,64.01,65.32,63.86,65.11,1918456
26-Jul-12,62.83,63.82,62.74,63.60,2164991
25-Jul-12,61.81,62.00,60.90,61.27,1050618
24-Jul-12,61.74,61.85,60.20,60.85,2627969
23-Jul-12,59.01,60.27,58.23,60.07,1811359
20-Jul-12,61.81,62.11,61.39,61.53,1426522
19-Jul-12,62.60,62.88,62.31,62.53,1895374
18-Jul-12,60.48,63.22,60.48,62.32,4734267
17-Jul-12,60.29,61.03,59.62,60.94,3230679
16-Jul-12,59.95,60.30,59.65,59.95,1513369
13-Jul-12,58.89,60.74,58.88,60.56,3834363
12-Jul-12,59.20,59.49,57.46,58.40,11270786
11-Jul-12,56.35,57.26,56.33,56.73,2994940
10-Jul-12,55.87,56.18,55.34,55.56,2792122
9-Jul-12,55.34,55.54,54.78,55.50,1849518
6-Jul-12,56.71,56.93,55.40,55.76,3036427
5-Jul-12,58.35,59.26,58.11,58.82,2329652
3-Jul-12,60.06,60.73,59.92,60.73,575435
2-Jul-12,60.03,60.05,59.36,60.03,1795877
29-Jun-12,58.58,59.54,58.38,59.36,1837741
28-Jun-12,56.06,56.28,55.55,56.22,1812398
27-Jun-12,56.84,57.29,56.52,57.22,884943
26-Jun-12,56.25,56.72,56.09,56.51,1096887
25-Jun-12,56.26,56.45,55.90,56.28,1615093
22-Jun-12,57.85,57.88,57.24,57.66,1349891
21-Jun-12,59.69,59.79,57.53,57.57,1351786
20-Jun-12,60.27,60.68,59.94,60.30,899721
19-Jun-12,59.93,60.62,59.82,60.18,1816927
18-Jun-12,58.58,59.11,58.36,58.84,810144
15-Jun-12,58.34,58.94,58.04,58.88,727086
14-Jun-12,57.54,57.78,57.12,57.73,1050953
13-Jun-12,57.56,58.32,57.16,57.58,1104116
12-Jun-12,57.29,57.74,56.34,57.68,1042672
11-Jun-12,58.70,58.74,57.05,57.11,1666374
8-Jun-12,56.40,57.37,56.22,57.31,1051103
7-Jun-12,58.04,58.14,56.75,56.80,1284034
6-Jun-12,56.07,57.53,56.00,57.53,3098770
5-Jun-12,54.91,55.77,54.91,55.69,2079818
4-Jun-12,55.20,55.60,54.83,55.41,1390513
1-Jun-12,55.69,56.13,54.97,55.24,2233573
31-May-12,58.05,58.08,56.66,57.32,3475960
30-May-12,57.13,57.25,56.64,56.76,1827142
29-May-12,58.73,58.98,57.82,58.22,1268962
25-May-12,57.08,57.62,57.01,57.07,1376417
24-May-12,58.52,58.60,57.43,57.70,1826245
23-May-12,58.53,58.97,57.74,58.80,2280775
22-May-12,59.41,59.76,58.21,58.69,2979254
21-May-12,58.34,58.95,57.90,58.79,1565922
18-May-12,59.96,59.97,58.35,58.53,2768496
17-May-12,60.71,60.85,59.85,59.86,1272529
16-May-12,61.02,61.34,60.22,60.33,1454313
15-May-12,61.45,61.94,60.70,60.79,1981202
14-May-12,61.98,62.81,61.83,62.14,1809818
11-May-12,62.11,63.26,61.98,62.85,2158933
10-May-12,62.54,62.63,61.59,61.80,2447888
9-May-12,61.42,62.43,61.16,62.20,1823781
8-May-12,62.26,62.51,61.29,62.29,1685262
7-May-12,62.63,63.17,62.40,63.13,3606096
4-May-12,63.50,63.81,62.69,62.92,1406615
3-May-12,65.15,65.61,64.50,64.68,3209187
2-May-12,65.85,66.07,65.28,65.84,1307370
1-May-12,66.20,66.64,66.16,66.43,1291860
30-Apr-12,66.17,66.53,65.96,66.29,1149638
27-Apr-12,66.77,66.97,66.48,66.69,1092569
26-Apr-12,65.40,67.25,65.31,67.16,3353212
25-Apr-12,65.45,66.12,65.33,65.96,4945401
24-Apr-12,64.64,65.42,64.28,65.15,3258357
23-Apr-12,64.12,64.31,63.50,64.24,1464319
20-Apr-12,65.29,65.65,65.10,65.22,3112291
19-Apr-12,65.00,65.55,64.01,64.28,2270444
18-Apr-12,65.05,65.45,64.81,64.88,2567068
17-Apr-12,64.27,65.13,63.91,64.95,2400795
16-Apr-12,63.87,64.22,63.38,63.73,3275752
13-Apr-12,66.49,66.51,64.49,65.42,5666431
12-Apr-12,66.94,66.97,65.20,65.85,5235234
11-Apr-12,65.75,66.40,65.46,65.92,2572140
10-Apr-12,66.13,66.51,64.29,64.57,3883960
9-Apr-12,65.97,66.50,65.95,65.95,1293289
5-Apr-12,66.11,67.51,66.03,67.37,3228197
4-Apr-12,67.95,68.30,66.16,67.48,2724547
3-Apr-12,70.76,70.78,68.95,69.34,2088338
2-Apr-12,70.19,71.28,70.01,70.97,1582193
30-Mar-12,69.89,70.17,69.65,69.82,2315346
29-Mar-12,69.16,69.95,68.98,69.85,1333198
28-Mar-12,71.17,71.18,69.86,70.21,1708790
27-Mar-12,71.22,71.26,70.56,70.58,855323
26-Mar-12,70.76,71.25,70.71,71.24,2349620
23-Mar-12,70.22,70.54,69.79,70.38,1221844
22-Mar-12,70.26,71.04,70.21,70.55,1771108
21-Mar-12,71.30,71.56,71.04,71.24,1725026
20-Mar-12,71.31,71.84,71.17,71.65,1942573
19-Mar-12,71.92,72.52,71.56,72.31,1144123
16-Mar-12,71.74,72.10,71.62,72.00,1402116
15-Mar-12,70.56,71.55,70.50,71.46,2085326
14-Mar-12,70.47,70.80,70.12,70.43,2908626
13-Mar-12,69.64,70.77,69.62,70.77,2876630
12-Mar-12,68.64,69.50,68.54,69.39,719177
9-Mar-12,68.69,69.13,68.54,68.99,1006122
8-Mar-12,67.85,69.04,67.73,68.80,1436876
7-Mar-12,66.49,66.92,66.34,66.68,1069101
6-Mar-12,67.15,67.28,66.06,66.38,2428052
5-Mar-12,68.32,68.35,67.63,68.10,1309813
2-Mar-12,67.81,67.85,67.36,67.66,1006439
1-Mar-12,67.83,68.34,67.62,68.27,1663266
29-Feb-12,67.97,68.50,67.34,67.61,1205470
28-Feb-12,67.43,68.21,67.26,68.15,947848
27-Feb-12,66.11,67.32,66.04,67.01,914343
24-Feb-12,67.75,67.83,67.47,67.77,2144362
23-Feb-12,66.00,66.68,65.27,66.64,1588391
22-Feb-12,65.38,65.94,65.17,65.65,1926172
21-Feb-12,65.59,65.98,65.10,65.37,1337080
17-Feb-12,64.94,64.98,64.26,64.44,616405
16-Feb-12,63.58,64.63,63.40,64.63,895339
15-Feb-12,63.86,63.89,63.10,63.21,886268
14-Feb-12,63.67,63.84,63.32,63.64,1286350
13-Feb-12,63.26,63.39,63.08,63.33,1245842
10-Feb-12,62.78,63.21,62.61,62.90,1288409
9-Feb-12,63.40,64.26,63.25,63.85,2939151
8-Feb-12,63.08,63.60,62.98,63.53,904361
7-Feb-12,63.49,63.73,62.88,63.60,970310
6-Feb-12,62.92,63.15,62.68,62.99,672226
3-Feb-12,63.02,63.29,62.67,63.17,1811837
2-Feb-12,62.06,62.53,61.79,61.92,1293261
1-Feb-12,61.39,61.97,61.33,61.45,1559761
31-Jan-12,60.76,60.79,60.25,60.48,1047533
30-Jan-12,59.87,60.44,59.69,60.35,1254827
27-Jan-12,59.82,60.58,59.79,60.35,2272468
26-Jan-12,59.74,59.93,59.24,59.29,2182194
25-Jan-12,57.76,58.63,57.34,58.48,2364667
24-Jan-12,57.58,58.33,57.54,58.06,1970698
23-Jan-12,57.53,57.99,57.37,57.76,1798993
20-Jan-12,56.91,57.12,56.82,57.01,1339274
19-Jan-12,56.61,57.15,56.45,57.05,1837343
18-Jan-12,56.71,57.20,56.56,57.10,2356411
17-Jan-12,55.73,55.98,55.48,55.67,3106421
13-Jan-12,54.64,54.80,54.01,54.56,5496890
12-Jan-12,53.22,53.50,52.94,53.25,2380401
11-Jan-12,52.93,53.51,52.78,53.40,4208655
10-Jan-12,53.42,53.98,53.39,53.87,2579663
9-Jan-12,54.57,54.80,54.26,54.75,1947413
6-Jan-12,53.76,54.05,53.30,54.00,1557078
5-Jan-12,53.91,54.14,53.67,54.08,2470972
4-Jan-12,54.67,54.73,53.89,54.15,1972914
3-Jan-12,54.28,54.65,54.13,54.43,2083312
30-Dec-11,52.99,53.11,52.84,52.95,651767
29-Dec-11,52.39,52.91,52.10,52.89,626711
28-Dec-11,52.81,52.83,51.96,52.21,1606627
27-Dec-11,53.59,53.62,53.23,53.29,592385
23-Dec-11,52.55,53.29,52.46,53.25,1123996
22-Dec-11,53.04,53.22,52.67,53.14,2605389
21-Dec-11,52.71,53.35,51.40,52.24,6343977
20-Dec-11,55.66,55.93,55.33,55.73,2326526
19-Dec-11,55.06,55.14,54.24,54.31,757874
16-Dec-11,55.17,55.51,54.45,54.61,1539796
15-Dec-11,57.09,57.12,56.01,56.11,1096079
14-Dec-11,56.46,56.55,55.50,56.01,1515764
13-Dec-11,57.72,58.01,55.80,56.02,1168412
12-Dec-11,57.79,57.79,57.00,57.29,786240
9-Dec-11,58.04,58.95,57.98,58.78,1149965
8-Dec-11,58.06,58.49,57.56,57.62,1575684
7-Dec-11,58.29,58.95,57.87,58.68,1488647
6-Dec-11,58.57,59.19,58.52,58.83,867491
5-Dec-11,59.09,59.40,58.20,58.38,3263684
2-Dec-11,60.38,60.45,59.54,59.54,600531
1-Dec-11,60.15,60.58,59.71,60.01,995099
30-Nov-11,59.33,59.97,59.09,59.96,1080953
29-Nov-11,57.05,57.45,56.71,56.75,1432355
28-Nov-11,56.95,57.21,56.61,56.97,626301
25-Nov-11,55.14,55.77,55.11,55.14,1138079
23-Nov-11,57.18,57.24,55.68,55.82,2580351
22-Nov-11,57.52,57.84,57.06,57.41,1076245
21-Nov-11,58.05,58.18,57.45,57.81,1485736
18-Nov-11,59.27,59.29,58.38,58.56,902868
17-Nov-11,59.61,59.89,58.45,58.87,1270768
16-Nov-11,59.42,60.12,58.83,58.86,1217899
15-Nov-11,59.80,60.70,59.51,60.30,1043300
14-Nov-11,60.02,60.25,59.48,59.72,943054
11-Nov-11,60.80,61.41,60.46,60.68,1247023
10-Nov-11,59.61,59.87,58.58,59.69,1772952
9-Nov-11,59.58,59.80,58.14,58.48,2498054
8-Nov-11,61.72,62.14,60.97,62.04,1904785
7-Nov-11,60.48,61.24,60.06,61.13,3846512
4-Nov-11,60.86,61.36,60.50,61.07,2982646
3-Nov-11,60.85,62.15,59.89,61.98,2195988
2-Nov-11,59.71,60.64,59.43,60.25,1526213
1-Nov-11,58.29,59.65,58.04,58.96,2825874
31-Oct-11,61.22,61.58,60.36,60.36,2516400
28-Oct-11,62.08,62.71,61.95,62.54,1440168
27-Oct-11,61.89,63.43,61.34,62.09,2333024
26-Oct-11,61.00,61.20,59.40,60.62,2123313
25-Oct-11,59.67,59.90,58.65,59.32,1175512
24-Oct-11,58.47,59.67,58.46,59.67,920018
21-Oct-11,58.38,58.86,58.19,58.86,686606
20-Oct-11,57.32,57.56,56.53,57.39,920563
19-Oct-11,57.36,57.91,56.86,56.95,1327106
18-Oct-11,57.19,58.75,56.71,58.34,1505923
17-Oct-11,57.14,57.18,56.65,56.72,1483137
14-Oct-11,57.42,57.99,57.10,57.65,1447661
13-Oct-11,55.50,56.20,55.03,56.16,1116191
12-Oct-11,55.37,56.26,54.94,55.69,1320929
11-Oct-11,54.49,55.14,54.33,55.10,1093576
10-Oct-11,53.72,54.91,53.67,54.76,1212304
7-Oct-11,53.10,53.55,52.41,52.51,1353232
6-Oct-11,50.88,52.63,50.70,52.59,1371615
5-Oct-11,50.31,51.33,49.91,51.29,2762787
4-Oct-11,48.50,50.01,47.86,49.99,2321124
3-Oct-11,49.73,50.55,48.39,48.39,1836682
30-Sep-11,50.84,51.62,50.58,50.62,2541484
29-Sep-11,52.80,53.03,51.25,52.16,1886729
28-Sep-11,52.78,53.18,51.21,51.33,2277176
27-Sep-11,51.16,51.69,50.89,51.34,2917382
26-Sep-11,49.22,49.93,48.31,49.90,1568889
23-Sep-11,47.43,48.90,47.39,48.78,2567094
22-Sep-11,48.59,49.17,48.17,48.71,2324799
21-Sep-11,51.45,52.25,50.18,50.20,2644818
20-Sep-11,50.87,51.45,50.32,50.59,2237216
19-Sep-11,49.32,50.70,48.79,50.46,2754163
16-Sep-11,51.59,52.07,51.00,51.64,2487351
15-Sep-11,51.42,51.82,50.76,51.69,2442515
14-Sep-11,49.15,50.68,48.38,50.29,4657179
13-Sep-11,48.48,49.49,48.34,49.43,2660498
12-Sep-11,47.92,49.17,47.89,49.15,2874865
9-Sep-11,50.19,50.47,49.11,49.23,2588828
8-Sep-11,51.78,52.51,51.13,51.28,2162455
7-Sep-11,51.86,52.91,51.73,52.91,1218717
6-Sep-11,49.92,50.99,49.88,50.90,1582886
2-Sep-11,52.54,52.80,51.84,51.99,1320114
1-Sep-11,53.77,54.47,53.33,53.76,3003645
31-Aug-11,54.65,55.54,54.22,54.51,1916064
30-Aug-11,53.25,54.17,52.88,53.89,1455488
29-Aug-11,53.66,54.40,53.61,54.38,1230976
26-Aug-11,51.87,53.26,51.33,53.13,2833850
25-Aug-11,52.48,52.70,50.92,51.22,1743471
24-Aug-11,52.55,53.05,51.83,52.70,2024378
23-Aug-11,50.77,51.66,50.43,51.66,1765148
22-Aug-11,50.78,50.78,49.18,49.48,1702259
19-Aug-11,48.39,49.94,48.29,48.72,2415087
18-Aug-11,49.91,49.92,48.31,48.90,2961512
17-Aug-11,52.84,53.58,51.84,52.35,1205046
16-Aug-11,52.99,54.01,52.66,53.16,1365772
15-Aug-11,53.73,54.13,53.15,53.76,1312884
12-Aug-11,52.81,53.26,51.57,52.86,2407845
11-Aug-11,50.48,52.62,50.16,51.96,2299177
10-Aug-11,52.48,52.53,49.78,50.01,3587218
9-Aug-11,53.08,54.26,51.27,54.20,2161388
8-Aug-11,53.18,53.89,51.22,51.27,3609940
5-Aug-11,56.71,57.20,54.47,56.35,3957776
4-Aug-11,57.84,58.07,55.72,55.86,2952131
3-Aug-11,59.88,60.01,58.28,59.80,1630999
2-Aug-11,60.06,60.75,59.22,59.28,1749200
1-Aug-11,63.17,63.22,60.54,61.41,1643309
29-Jul-11,61.45,63.08,61.21,62.41,1244311
28-Jul-11,62.52,63.14,62.21,62.50,2264972
27-Jul-11,63.91,63.93,62.50,62.57,3559269
26-Jul-11,60.38,64.83,59.92,64.50,7480826
25-Jul-11,60.08,60.52,59.94,60.32,1133182
22-Jul-11,60.56,60.67,59.84,60.57,1361250
21-Jul-11,59.28,60.12,58.93,59.77,3360224
20-Jul-11,58.65,58.70,58.00,58.34,1354170
19-Jul-11,57.80,58.73,57.80,58.53,2331476
18-Jul-11,57.00,57.26,56.25,57.21,2296351
15-Jul-11,58.23,58.24,57.27,57.83,1889577
14-Jul-11,58.33,58.60,57.24,57.36,2769215
13-Jul-11,58.60,59.70,58.52,58.85,1811944
12-Jul-11,58.60,59.07,58.21,58.25,1392727
11-Jul-11,59.97,60.11,59.20,59.34,1576183
8-Jul-11,61.92,62.20,61.07,61.62,2115664
7-Jul-11,61.57,62.99,61.50,62.88,3422197
6-Jul-11,60.27,60.63,60.00,60.46,1045828
5-Jul-11,61.02,61.14,60.63,60.83,899259
1-Jul-11,60.17,60.91,60.03,60.79,741679
30-Jun-11,60.01,60.79,59.87,60.65,1032758
29-Jun-11,59.65,59.80,59.23,59.60,1298753
28-Jun-11,58.98,59.34,58.79,59.31,1628469
27-Jun-11,58.11,59.11,57.98,58.95,982671
24-Jun-11,58.64,58.72,57.94,58.19,2013106
23-Jun-11,59.08,59.74,58.36,59.58,3512575
22-Jun-11,61.26,61.44,60.27,60.36,2299185
21-Jun-11,61.26,62.05,61.19,61.85,2466586
20-Jun-11,59.83,60.85,59.72,60.84,1761548
17-Jun-11,61.17,61.17,59.84,60.24,2401046
16-Jun-11,59.28,59.68,58.70,59.24,1534967
15-Jun-11,60.02,60.66,59.29,59.52,2001873
14-Jun-11,61.71,62.29,61.62,61.84,1369101
13-Jun-11,60.21,60.62,59.91,60.11,885439
10-Jun-11,60.85,60.94,59.62,59.68,1184172
9-Jun-11,60.80,61.47,60.62,61.21,1696868
8-Jun-11,61.10,61.29,60.34,60.51,1247306
7-Jun-11,62.19,62.30,61.52,61.59,1444336
6-Jun-11,61.51,61.58,60.88,60.96,1173504
3-Jun-11,60.77,61.74,60.70,61.32,1605051
2-Jun-11,61.01,61.21,60.49,61.02,996249
1-Jun-11,62.08,62.18,60.75,60.79,2514815
31-May-11,62.21,62.26,61.58,62.17,3271081
27-May-11,59.95,60.49,59.83,60.29,728809
26-May-11,60.00,60.31,59.53,60.07,1480569
25-May-11,59.34,60.30,59.34,60.02,1733208
24-May-11,59.98,60.25,59.55,59.67,2254342
23-May-11,59.25,59.85,59.00,59.48,1918680
20-May-11,62.43,62.56,61.51,61.72,1642376
19-May-11,63.08,63.35,62.61,63.29,1053437
18-May-11,61.88,62.92,61.71,62.82,1219927
17-May-11,61.71,62.39,61.57,62.02,1777197
16-May-11,62.57,63.25,62.45,62.56,1006718
13-May-11,63.38,63.80,62.36,62.80,1823862
12-May-11,62.92,64.10,62.53,64.08,1441431
11-May-11,64.35,64.46,62.75,63.19,1952764
10-May-11,63.49,64.44,63.38,64.36,2170711
9-May-11,62.37,63.28,62.20,63.13,1515738
6-May-11,62.92,63.31,61.62,62.01,2020142
5-May-11,62.93,63.23,62.26,62.55,1622871
4-May-11,64.95,64.97,63.93,64.08,1245843
3-May-11,65.32,65.49,64.44,64.74,1378084
2-May-11,65.54,65.60,64.71,64.88,1408717
29-Apr-11,64.53,64.70,64.12,64.53,1480576
28-Apr-11,63.78,64.07,63.20,63.57,3467065
27-Apr-11,67.15,68.39,66.86,68.31,1217175
26-Apr-11,66.96,67.56,66.78,67.54,1035860
25-Apr-11,66.75,67.07,66.32,66.97,628844
21-Apr-11,66.65,66.94,65.99,66.62,1122457
20-Apr-11,65.26,65.57,65.15,65.45,1297339
19-Apr-11,63.15,63.74,63.14,63.72,1195770
18-Apr-11,62.77,64.52,61.71,63.43,2385566
15-Apr-11,63.83,64.24,63.66,64.05,1282823
14-Apr-11,63.02,64.23,62.94,64.04,879190
13-Apr-11,63.66,64.16,63.36,63.61,744361
12-Apr-11,63.30,63.62,62.80,62.92,747915
11-Apr-11,63.83,64.10,63.66,63.87,814812
8-Apr-11,63.93,63.93,63.34,63.63,943996
7-Apr-11,62.62,63.24,62.49,62.90,1010671
6-Apr-11,62.88,63.32,62.65,62.78,1258530
5-Apr-11,62.28,63.23,62.10,63.13,1448823
4-Apr-11,62.31,62.42,61.99,62.33,723139
1-Apr-11,61.41,62.21,61.23,61.98,793330
31-Mar-11,61.21,61.53,61.12,61.36,1192120
30-Mar-11,60.88,61.56,60.88,61.38,829226
29-Mar-11,60.18,60.69,60.02,60.64,857087
28-Mar-11,60.46,60.81,60.13,60.15,844675
25-Mar-11,60.65,61.30,60.19,60.24,2206737
24-Mar-11,58.97,60.10,58.81,59.91,1620690
23-Mar-11,57.49,58.19,57.38,58.01,909438
22-Mar-11,58.10,58.26,57.81,58.00,1066497
21-Mar-11,58.16,58.66,58.00,58.49,2488637
18-Mar-11,58.21,58.25,57.30,57.58,2516580
17-Mar-11,56.67,56.67,55.85,55.97,2011566
16-Mar-11,55.72,56.91,54.18,54.74,5517511
15-Mar-11,55.71,56.98,55.51,56.55,3901879
14-Mar-11,58.57,58.91,58.30,58.79,1257887
11-Mar-11,58.60,59.25,58.32,59.07,1556298
10-Mar-11,59.77,60.16,59.35,59.47,2033461
9-Mar-11,59.87,60.10,59.28,59.71,1339457
8-Mar-11,59.57,60.45,59.32,60.14,1092839
7-Mar-11,61.74,61.95,60.79,61.03,770741
4-Mar-11,62.15,62.23,61.02,61.45,897495
3-Mar-11,61.55,61.84,61.24,61.67,1378382
2-Mar-11,60.11,60.67,60.11,60.44,1602670
1-Mar-11,61.15,61.25,59.75,59.83,2204408
28-Feb-11,61.23,61.28,60.12,60.40,1474307
25-Feb-11,59.00,59.84,58.99,59.69,716980
24-Feb-11,59.25,59.56,58.75,59.26,1062887
23-Feb-11,59.65,59.92,58.95,59.11,1527104
22-Feb-11,59.82,60.12,59.18,59.24,1230370
18-Feb-11,60.06,60.60,59.93,60.31,847309
17-Feb-11,60.24,60.68,60.14,60.56,595771
16-Feb-11,59.44,60.54,59.43,60.45,910698
15-Feb-11,59.35,59.75,59.10,59.30,1264190
14-Feb-11,59.97,60.36,59.76,60.19,1186231
11-Feb-11,59.85,60.48,59.72,60.17,1073146
10-Feb-11,58.74,59.58,58.54,59.40,896289
9-Feb-11,59.11,59.53,59.10,59.36,643870
8-Feb-11,59.11,59.52,58.76,59.38,735123
7-Feb-11,58.66,59.19,58.60,59.07,1092100
4-Feb-11,58.42,59.00,58.30,58.91,1389474
3-Feb-11,58.65,58.74,58.12,58.49,2226920
2-Feb-11,59.43,59.50,59.01,59.16,3214974
1-Feb-11,58.32,58.99,58.12,58.95,2374077
31-Jan-11,57.97,58.29,57.73,57.90,1846484
28-Jan-11,58.17,58.44,56.93,57.23,3575151
27-Jan-11,57.22,57.63,56.99,57.36,1852126
26-Jan-11,56.38,56.50,55.92,56.46,2566214
25-Jan-11,55.23,55.59,55.09,55.16,1338762
24-Jan-11,54.80,55.53,54.78,55.53,1341140
21-Jan-11,54.88,54.89,54.28,54.44,1049453
20-Jan-11,54.13,54.56,53.67,54.41,1674830
19-Jan-11,55.16,55.19,54.27,54.40,1414264
18-Jan-11,54.32,54.71,54.09,54.41,1544657
14-Jan-11,53.70,53.82,53.37,53.60,2680973
13-Jan-11,52.38,54.69,51.52,54.58,7972636
12-Jan-11,50.70,51.23,50.53,51.18,1653861
11-Jan-11,49.85,50.41,49.69,50.28,2477027
10-Jan-11,48.48,48.85,48.36,48.76,1272306
7-Jan-11,49.65,49.86,49.01,49.35,1286237
6-Jan-11,50.06,50.32,49.58,49.74,2072232
5-Jan-11,49.54,50.36,49.54,50.34,1696598
4-Jan-11,50.96,51.08,50.55,51.08,1093907
3-Jan-11,50.66,51.30,50.61,51.25,1049883
31-Dec-10,50.33,50.78,50.28,50.61,410857
30-Dec-10,50.57,50.88,50.12,50.28,301564
29-Dec-10,50.49,50.82,50.31,50.76,594104
28-Dec-10,50.80,50.81,50.28,50.47,415329
27-Dec-10,50.24,50.61,50.04,50.55,523035
23-Dec-10,50.00,50.39,50.00,50.25,640999
22-Dec-10,50.00,50.18,49.89,50.18,387627
21-Dec-10,50.65,50.65,50.08,50.16,856214
20-Dec-10,49.76,49.77,49.33,49.53,1232012
17-Dec-10,50.42,50.45,49.90,50.00,1461910
16-Dec-10,49.42,49.53,49.33,49.49,1031482
15-Dec-10,49.40,49.76,49.18,49.26,794466
14-Dec-10,50.01,50.20,49.63,49.76,1432174
13-Dec-10,49.52,49.82,49.33,49.40,882573
10-Dec-10,48.75,49.05,48.58,49.01,620015
9-Dec-10,48.67,49.03,48.20,49.03,1561094
8-Dec-10,48.46,48.82,48.31,48.75,769889
7-Dec-10,49.71,49.74,48.95,48.95,850841
6-Dec-10,48.60,48.98,48.50,48.83,945185
3-Dec-10,48.84,49.26,48.76,49.01,1614129
2-Dec-10,47.16,48.07,47.15,47.96,1576115
1-Dec-10,47.36,47.90,47.13,47.59,1605165
30-Nov-10,46.70,47.33,46.70,46.93,1347251
29-Nov-10,47.17,47.73,46.84,47.62,1312807
26-Nov-10,48.20,48.61,48.14,48.37,965049
24-Nov-10,47.95,48.26,47.85,48.15,1824365
23-Nov-10,49.13,49.29,48.39,48.69,979534
22-Nov-10,49.43,49.67,48.92,49.40,1283698
19-Nov-10,49.89,50.00,49.69,49.97,817796
18-Nov-10,49.74,50.04,49.69,49.76,754256
17-Nov-10,49.01,49.26,48.78,48.99,1125589
16-Nov-10,49.30,49.49,48.72,49.07,1599383
15-Nov-10,50.11,50.20,49.65,49.65,1125963
12-Nov-10,50.51,50.80,50.05,50.29,1211183
11-Nov-10,50.54,50.76,50.26,50.70,1108907
10-Nov-10,50.96,51.23,50.26,51.13,1744351
9-Nov-10,52.26,52.41,51.38,51.63,1459933
8-Nov-10,51.71,52.08,51.57,52.08,748656
5-Nov-10,52.49,52.72,52.16,52.42,1517322
4-Nov-10,53.17,53.28,52.48,52.98,1718063
3-Nov-10,52.12,52.30,51.52,52.22,1805372
2-Nov-10,52.48,52.56,52.11,52.27,1172477
1-Nov-10,51.82,51.97,51.28,51.53,859498
29-Oct-10,52.04,52.39,51.60,51.73,2074779
28-Oct-10,51.76,51.82,51.32,51.62,1855636
27-Oct-10,51.33,51.95,50.74,51.27,4629234
26-Oct-10,53.03,54.66,52.87,54.08,2178124
25-Oct-10,53.52,53.77,53.14,53.52,1467652
22-Oct-10,52.99,53.26,52.70,53.15,1075235
21-Oct-10,52.61,52.94,52.14,52.51,1555584
20-Oct-10,51.52,52.25,51.49,51.67,1841790
19-Oct-10,51.58,51.81,50.96,51.18,3383938
18-Oct-10,52.54,52.78,52.42,52.75,1730517
15-Oct-10,53.85,53.85,52.76,52.94,3048280
14-Oct-10,53.83,53.89,53.03,53.40,2515494
13-Oct-10,52.69,53.10,52.59,52.75,1245686
12-Oct-10,51.58,51.98,51.11,51.88,1362475
11-Oct-10,51.32,51.54,51.00,51.15,734725
